{
    "loss": 0.44136300683021545,
    "accuracy": 0.8999999761581421
}